Family,Cloness Centrality
"""MEDICI""",0.56
"""RIDOLFI""",0.5
"""TORNABUON""",0.4827586206896552
"""ALBIZZI""",0.4827586206896552
"""GUADAGNI""",0.4666666666666667
"""BARBADORI""",0.4375
"""STROZZI""",0.4375
"""BISCHERI""",0.4
"""SALVIATI""",0.3888888888888889
"""CASTELLAN""",0.3888888888888889
"""PERUZZI""",0.3684210526315789
"""ACCIAIUOL""",0.3684210526315789
"""GINORI""",0.3333333333333333
"""LAMBERTES""",0.32558139534883723
"""PAZZI""",0.2857142857142857
"""PUCCI""",0.0